{"cameraMode":{"drawMode":0,"name":"Shaded","section":"Shading Mode"},"sceneLighting":false,"audioPlay":false,"sceneViewState":{"m_AlwaysRefresh":false,"showFog":true,"showSkybox":false,"showFlares":true,"showImageEffects":true,"showParticleSystems":true,"showVisualEffectGraphs":true,"m_FxEnabled":true},"in2DMode":false,"pivot":{"x":-0.32322239875793459,"y":0.529325008392334,"z":-0.0546267032623291},"rotation":{"x":-0.1420634537935257,"y":0.059943538159132007,"z":-0.008619174361228943,"w":-0.9880027770996094},"size":0.9237897992134094,"orthographic":false}