{"cameraMode":{"drawMode":0,"name":"Shaded","section":"Shading Mode"},"sceneLighting":false,"audioPlay":false,"sceneViewState":{"m_AlwaysRefresh":false,"showFog":true,"showSkybox":false,"showFlares":true,"showImageEffects":true,"showParticleSystems":true,"showVisualEffectGraphs":true,"m_FxEnabled":true},"in2DMode":false,"pivot":{"x":-0.045885324478149417,"y":1.4324910640716553,"z":-6.919379711151123},"rotation":{"x":-0.16602323949337007,"y":-0.012723389081656933,"z":0.0021423089783638717,"w":-0.9860367774963379},"size":0.6557439565658569,"orthographic":false}